millis,stamp,datetime,motion
998,1534769714, 2018/8/20 12:55:14, Inactive
1998,1534769715, 2018/8/20 12:55:15, Inactive
2999,1534769716, 2018/8/20 12:55:16, Inactive
3999,1534769717, 2018/8/20 12:55:17, Inactive
4999,1534769718, 2018/8/20 12:55:18, Inactive
5999,1534769719, 2018/8/20 12:55:19, Inactive
6999,1534769720, 2018/8/20 12:55:20, Inactive
7999,1534769721, 2018/8/20 12:55:21, Inactive
8999,1534769722, 2018/8/20 12:55:22, Inactive
9999,1534769723, 2018/8/20 12:55:23, Inactive
10999,1534769724, 2018/8/20 12:55:24, Inactive
11999,1534769725, 2018/8/20 12:55:25, Active
12999,1534769726, 2018/8/20 12:55:26, Active
13999,1534769727, 2018/8/20 12:55:27, Active
14999,1534769728, 2018/8/20 12:55:28, Active
16000,1534769729, 2018/8/20 12:55:29, Active
17000,1534769730, 2018/8/20 12:55:30, Active
17998,1534769731, 2018/8/20 12:55:31, Active
18999,1534769732, 2018/8/20 12:55:32, Active
19999,1534769733, 2018/8/20 12:55:33, Active
20999,1534769734, 2018/8/20 12:55:34, Active
21999,1534769735, 2018/8/20 12:55:35, Active
23000,1534769736, 2018/8/20 12:55:36, Active
23998,1534769737, 2018/8/20 12:55:37, Active
24999,1534769738, 2018/8/20 12:55:38, Active
25999,1534769739, 2018/8/20 12:55:39, Active
26999,1534769740, 2018/8/20 12:55:40, Active
27999,1534769741, 2018/8/20 12:55:41, Active
28999,1534769742, 2018/8/20 12:55:42, Active
29999,1534769743, 2018/8/20 12:55:43, Active
30999,1534769744, 2018/8/20 12:55:44, Inactive
32000,1534769745, 2018/8/20 12:55:45, Inactive
32999,1534769746, 2018/8/20 12:55:46, Inactive
33999,1534769747, 2018/8/20 12:55:47, Inactive
34999,1534769748, 2018/8/20 12:55:48, Inactive
35999,1534769749, 2018/8/20 12:55:49, Inactive
36999,1534769750, 2018/8/20 12:55:50, Inactive
37999,1534769751, 2018/8/20 12:55:51, Inactive
39000,1534769752, 2018/8/20 12:55:52, Inactive
39999,1534769753, 2018/8/20 12:55:53, Inactive
40999,1534769754, 2018/8/20 12:55:54, Active
41999,1534769755, 2018/8/20 12:55:55, Active
42999,1534769756, 2018/8/20 12:55:56, Active
43999,1534769757, 2018/8/20 12:55:57, Active
44999,1534769758, 2018/8/20 12:55:58, Active
46000,1534769759, 2018/8/20 12:55:59, Active
46999,1534769760, 2018/8/20 12:56:0, Active
48000,1534769761, 2018/8/20 12:56:1, Active
48999,1534769762, 2018/8/20 12:56:2, Inactive
49999,1534769763, 2018/8/20 12:56:3, Inactive
50999,1534769764, 2018/8/20 12:56:4, Inactive
51999,1534769765, 2018/8/20 12:56:5, Inactive
52999,1534769766, 2018/8/20 12:56:6, Inactive
53999,1534769767, 2018/8/20 12:56:7, Inactive
54999,1534769768, 2018/8/20 12:56:8, Inactive
55999,1534769769, 2018/8/20 12:56:9, Inactive
56999,1534769770, 2018/8/20 12:56:10, Inactive
57999,1534769771, 2018/8/20 12:56:11, Inactive
58998,1534769772, 2018/8/20 12:56:12, Active
59999,1534769773, 2018/8/20 12:56:13, Active
60999,1534769774, 2018/8/20 12:56:14, Active
61999,1534769775, 2018/8/20 12:56:15, Active
62999,1534769776, 2018/8/20 12:56:16, Active
64000,1534769777, 2018/8/20 12:56:17, Active
64999,1534769778, 2018/8/20 12:56:18, Active
65999,1534769779, 2018/8/20 12:56:19, Active
66999,1534769780, 2018/8/20 12:56:20, Active
67999,1534769781, 2018/8/20 12:56:21, Active
68999,1534769782, 2018/8/20 12:56:22, Active
69999,1534769783, 2018/8/20 12:56:23, Active
70999,1534769784, 2018/8/20 12:56:24, Active
71999,1534769785, 2018/8/20 12:56:25, Active
72999,1534769786, 2018/8/20 12:56:26, Active
73999,1534769787, 2018/8/20 12:56:27, Inactive
74998,1534769788, 2018/8/20 12:56:28, Inactive
75999,1534769789, 2018/8/20 12:56:29, Inactive
76999,1534769790, 2018/8/20 12:56:30, Inactive
77999,1534769791, 2018/8/20 12:56:31, Inactive
78999,1534769792, 2018/8/20 12:56:32, Inactive
80000,1534769793, 2018/8/20 12:56:33, Inactive
80999,1534769794, 2018/8/20 12:56:34, Inactive
81999,1534769795, 2018/8/20 12:56:35, Inactive
82999,1534769796, 2018/8/20 12:56:36, Inactive
83999,1534769797, 2018/8/20 12:56:37, Inactive
84999,1534769798, 2018/8/20 12:56:38, Inactive
85999,1534769799, 2018/8/20 12:56:39, Inactive
86999,1534769800, 2018/8/20 12:56:40, Inactive
87999,1534769801, 2018/8/20 12:56:41, Inactive
88999,1534769802, 2018/8/20 12:56:42, Inactive
89999,1534769803, 2018/8/20 12:56:43, Inactive
90999,1534769804, 2018/8/20 12:56:44, Inactive
91999,1534769805, 2018/8/20 12:56:45, Inactive
92999,1534769806, 2018/8/20 12:56:46, Inactive
93999,1534769807, 2018/8/20 12:56:47, Inactive
94999,1534769808, 2018/8/20 12:56:48, Inactive
96000,1534769809, 2018/8/20 12:56:49, Inactive
96999,1534769810, 2018/8/20 12:56:50, Inactive
97999,1534769811, 2018/8/20 12:56:51, Inactive
98999,1534769812, 2018/8/20 12:56:52, Active
99999,1534769813, 2018/8/20 12:56:53, Active
100999,1534769814, 2018/8/20 12:56:54, Active
101999,1534769815, 2018/8/20 12:56:55, Active
102999,1534769816, 2018/8/20 12:56:56, Active
103999,1534769817, 2018/8/20 12:56:57, Active
104999,1534769818, 2018/8/20 12:56:58, Active
105999,1534769819, 2018/8/20 12:56:59, Active
106999,1534769820, 2018/8/20 12:57:0, Active
107999,1534769821, 2018/8/20 12:57:1, Inactive
108999,1534769822, 2018/8/20 12:57:2, Inactive
109999,1534769823, 2018/8/20 12:57:3, Inactive
110999,1534769824, 2018/8/20 12:57:4, Active
112000,1534769825, 2018/8/20 12:57:5, Active
112999,1534769826, 2018/8/20 12:57:6, Active
113999,1534769827, 2018/8/20 12:57:7, Active
114999,1534769828, 2018/8/20 12:57:8, Active
115999,1534769829, 2018/8/20 12:57:9, Active
116999,1534769830, 2018/8/20 12:57:10, Active
117999,1534769831, 2018/8/20 12:57:11, Inactive
119000,1534769832, 2018/8/20 12:57:12, Inactive
119999,1534769833, 2018/8/20 12:57:13, Inactive
120999,1534769834, 2018/8/20 12:57:14, Inactive
121999,1534769835, 2018/8/20 12:57:15, Active
122999,1534769836, 2018/8/20 12:57:16, Active
123999,1534769837, 2018/8/20 12:57:17, Active
124999,1534769838, 2018/8/20 12:57:18, Active
125999,1534769839, 2018/8/20 12:57:19, Active
126999,1534769840, 2018/8/20 12:57:20, Active
128000,1534769841, 2018/8/20 12:57:21, Active
128999,1534769842, 2018/8/20 12:57:22, Active
129999,1534769843, 2018/8/20 12:57:23, Inactive
130999,1534769844, 2018/8/20 12:57:24, Inactive
131999,1534769845, 2018/8/20 12:57:25, Inactive
132999,1534769846, 2018/8/20 12:57:26, Inactive
133999,1534769847, 2018/8/20 12:57:27, Inactive
134999,1534769848, 2018/8/20 12:57:28, Inactive
135999,1534769849, 2018/8/20 12:57:29, Inactive
136999,1534769850, 2018/8/20 12:57:30, Inactive
137999,1534769851, 2018/8/20 12:57:31, Inactive
138999,1534769852, 2018/8/20 12:57:32, Inactive
139999,1534769853, 2018/8/20 12:57:33, Inactive
140999,1534769854, 2018/8/20 12:57:34, Inactive
141999,1534769855, 2018/8/20 12:57:35, Inactive
142999,1534769856, 2018/8/20 12:57:36, Inactive
144000,1534769857, 2018/8/20 12:57:37, Inactive
144999,1534769858, 2018/8/20 12:57:38, Inactive
145999,1534769859, 2018/8/20 12:57:39, Inactive
146999,1534769860, 2018/8/20 12:57:40, Inactive
147999,1534769861, 2018/8/20 12:57:41, Inactive
148999,1534769862, 2018/8/20 12:57:42, Inactive
149999,1534769863, 2018/8/20 12:57:43, Inactive
151000,1534769864, 2018/8/20 12:57:44, Inactive
151999,1534769865, 2018/8/20 12:57:45, Inactive
152999,1534769866, 2018/8/20 12:57:46, Inactive
153999,1534769867, 2018/8/20 12:57:47, Inactive
154999,1534769868, 2018/8/20 12:57:48, Inactive
155999,1534769869, 2018/8/20 12:57:49, Inactive
156999,1534769870, 2018/8/20 12:57:50, Inactive
157999,1534769871, 2018/8/20 12:57:51, Inactive
158999,1534769872, 2018/8/20 12:57:52, Inactive
159998,1534769873, 2018/8/20 12:57:53, Inactive
160998,1534769874, 2018/8/20 12:57:54, Inactive
161999,1534769875, 2018/8/20 12:57:55, Inactive
162999,1534769876, 2018/8/20 12:57:56, Inactive
163999,1534769877, 2018/8/20 12:57:57, Inactive
164999,1534769878, 2018/8/20 12:57:58, Inactive
165999,1534769879, 2018/8/20 12:57:59, Inactive
166999,1534769880, 2018/8/20 12:58:0, Inactive
167999,1534769881, 2018/8/20 12:58:1, Inactive
168999,1534769882, 2018/8/20 12:58:2, Inactive
169999,1534769883, 2018/8/20 12:58:3, Active
170999,1534769884, 2018/8/20 12:58:4, Active
171999,1534769885, 2018/8/20 12:58:5, Active
172999,1534769886, 2018/8/20 12:58:6, Active
173999,1534769887, 2018/8/20 12:58:7, Active
174999,1534769888, 2018/8/20 12:58:8, Active
176000,1534769889, 2018/8/20 12:58:9, Active
176999,1534769890, 2018/8/20 12:58:10, Inactive
177999,1534769891, 2018/8/20 12:58:11, Inactive
178999,1534769892, 2018/8/20 12:58:12, Inactive
179999,1534769893, 2018/8/20 12:58:13, Inactive
180999,1534769894, 2018/8/20 12:58:14, Inactive
181999,1534769895, 2018/8/20 12:58:15, Inactive
183000,1534769896, 2018/8/20 12:58:16, Inactive
183999,1534769897, 2018/8/20 12:58:17, Inactive
184999,1534769898, 2018/8/20 12:58:18, Inactive
185999,1534769899, 2018/8/20 12:58:19, Inactive
186999,1534769900, 2018/8/20 12:58:20, Inactive
187999,1534769901, 2018/8/20 12:58:21, Inactive
188999,1534769902, 2018/8/20 12:58:22, Inactive
190000,1534769903, 2018/8/20 12:58:23, Inactive
190999,1534769904, 2018/8/20 12:58:24, Inactive
192000,1534769905, 2018/8/20 12:58:25, Inactive
192999,1534769906, 2018/8/20 12:58:26, Inactive
193999,1534769907, 2018/8/20 12:58:27, Inactive
194999,1534769908, 2018/8/20 12:58:28, Inactive
195999,1534769909, 2018/8/20 12:58:29, Inactive
196999,1534769910, 2018/8/20 12:58:30, Inactive
197999,1534769911, 2018/8/20 12:58:31, Inactive
198999,1534769912, 2018/8/20 12:58:32, Inactive
199999,1534769913, 2018/8/20 12:58:33, Inactive
200999,1534769914, 2018/8/20 12:58:34, Inactive
201998,1534769915, 2018/8/20 12:58:35, Inactive
202999,1534769916, 2018/8/20 12:58:36, Inactive
203999,1534769917, 2018/8/20 12:58:37, Inactive
204999,1534769918, 2018/8/20 12:58:38, Inactive
206000,1534769919, 2018/8/20 12:58:39, Inactive
206999,1534769920, 2018/8/20 12:58:40, Inactive
208000,1534769921, 2018/8/20 12:58:41, Inactive
208999,1534769922, 2018/8/20 12:58:42, Inactive
209999,1534769923, 2018/8/20 12:58:43, Inactive
210999,1534769924, 2018/8/20 12:58:44, Inactive
211999,1534769925, 2018/8/20 12:58:45, Inactive
213000,1534769926, 2018/8/20 12:58:46, Inactive
213999,1534769927, 2018/8/20 12:58:47, Inactive
214999,1534769928, 2018/8/20 12:58:48, Inactive
215999,1534769929, 2018/8/20 12:58:49, Inactive
216999,1534769930, 2018/8/20 12:58:50, Inactive
217999,1534769931, 2018/8/20 12:58:51, Inactive
218999,1534769932, 2018/8/20 12:58:52, Inactive
219998,1534769933, 2018/8/20 12:58:53, Active
220999,1534769934, 2018/8/20 12:58:54, Active
221999,1534769935, 2018/8/20 12:58:55, Active
222999,1534769936, 2018/8/20 12:58:56, Active
224000,1534769937, 2018/8/20 12:58:57, Active
224999,1534769938, 2018/8/20 12:58:58, Active
225999,1534769939, 2018/8/20 12:58:59, Active
226999,1534769940, 2018/8/20 12:59:0, Active
227999,1534769941, 2018/8/20 12:59:1, Inactive
228999,1534769942, 2018/8/20 12:59:2, Inactive